PO,flux
1.3733826247689462, 7187161056.73371
1.6229205175600738, 29323318310.456207
1.8724584103512014, 171240527651.76883
2.1254621072088726, 182934274335.2862
